,Immobilier,"Trouvez toutes les annonces de l'immobilier par région : :immobilier à Ariana,immobilier à Beja,immobilier à Ben arous,immobilier à Bizerte,immobilier à Gabes,immobilier à Gafsa,immobilier à Jendouba,immobilier à Kairouan,immobilier à Kasserine,immobilier à Kebili,immobilier à Le Kef,immobilier à Mahdia,immobilier à Manouba,immobilier à Medenine,immobilier à Monastir,immobilier à Nabeul,immobilier à Sfax,immobilier à Sidi bouzid,immobilier à Siliana,immobilier à Sousse,immobilier à Tataouine,immobilier à Tozeur,immobilier à Tunis,immobilier à Zaghouan,"
,,
,,
Les Annonces,,
,,
Mon Compte,,
,,
Immobilier sur carte,,
,,
Vote Google,,
,,
Services,,
,,
Immobilier par région,,
,,
Autres Pays,,
,,
Partenariat,,
,,
,,
Pro/Part,Surface,
Immobilier,,
,,
,,
,,
,,
,,
,,
,,
Prix,,
,,
,,
,,
,,
,,
,,
,,
,,
,,
,,
,,
,,
,,
,,
,,
,,
,,
,,
,,
,,
,,
,,
,,
,,
,,
,,
Publicité,,
,,
,,
,,
"Important :Le contenu des petites annonces est fourni par leurs éditeurs. Malgré les vérifications effectuées, www.tunisie-annonce.com  ne donne aucune garantie concernant : la véracité,	la qualité et le contenu des annonces. Nous vous conseillons vivement de prêter attention avant tout contact !",,
,,
"Trouvez toutes les rubriques :Location, Vente, Terrains, Loc. Saison., Bur & Com, Partage, Location, Achat, Terrains, Loc. Saison., Buraux & Commerces, Partage, Appartement, Maison, Maison au bord de la mer, Appartement pied dans l'eau, Loft, espace, Fond de commerce, Gérence libre ...",,
,,
,,
